<?xml version="1.0" encoding="UTF-8"?>
<export version="D">
  <design>
    <source>C:\Users\This\OneDrive - Hochschule Luzern\Projekte\Motortreiber\hw\motortreiber_reduced\motortreiber.sch</source>
    <date>29.05.2020 18:55:00</date>
    <tool>Eeschema (5.1.0)-1</tool>
    <sheet number="1" name="/" tstamps="/">
      <title_block>
        <title/>
        <company/>
        <rev/>
        <date/>
        <source>motortreiber.sch</source>
        <comment number="1" value=""/>
        <comment number="2" value=""/>
        <comment number="3" value=""/>
        <comment number="4" value=""/>
      </title_block>
    </sheet>
    <sheet number="2" name="/PowerAmplifier/" tstamps="/5CC57758/">
      <title_block>
        <title/>
        <company/>
        <rev/>
        <date/>
        <source>PowerAmplifier.sch</source>
        <comment number="1" value=""/>
        <comment number="2" value=""/>
        <comment number="3" value=""/>
        <comment number="4" value=""/>
      </title_block>
    </sheet>
    <sheet number="3" name="/Microkontroller/" tstamps="/5CE4EC8B/">
      <title_block>
        <title/>
        <company/>
        <rev/>
        <date/>
        <source>Microkontroller.sch</source>
        <comment number="1" value=""/>
        <comment number="2" value=""/>
        <comment number="3" value=""/>
        <comment number="4" value=""/>
      </title_block>
    </sheet>
  </design>
  <components>
    <comp ref="C1">
      <value>22u</value>
      <footprint>Capacitor_SMD:C_1206_3216Metric_Pad1.42x1.75mm_HandSolder</footprint>
      <datasheet>~</datasheet>
      <libsource lib="Device" part="C" description="Unpolarized capacitor"/>
      <sheetpath names="/PowerAmplifier/" tstamps="/5CC57758/"/>
      <tstamp>5CD2274E</tstamp>
    </comp>
    <comp ref="C2">
      <value>22u</value>
      <footprint>Capacitor_SMD:C_1206_3216Metric_Pad1.42x1.75mm_HandSolder</footprint>
      <datasheet>~</datasheet>
      <libsource lib="Device" part="C" description="Unpolarized capacitor"/>
      <sheetpath names="/PowerAmplifier/" tstamps="/5CC57758/"/>
      <tstamp>5CD46857</tstamp>
    </comp>
    <comp ref="C3">
      <value>47u</value>
      <footprint>Capacitor_SMD:CP_Elec_6.3x7.7</footprint>
      <datasheet>~</datasheet>
      <libsource lib="Device" part="CP" description="Polarized capacitor"/>
      <sheetpath names="/PowerAmplifier/" tstamps="/5CC57758/"/>
      <tstamp>5CD471C9</tstamp>
    </comp>
    <comp ref="C18">
      <value>470n</value>
      <footprint>Capacitor_SMD:C_1210_3225Metric_Pad1.42x2.65mm_HandSolder</footprint>
      <datasheet>~</datasheet>
      <libsource lib="Device" part="C" description="Unpolarized capacitor"/>
      <sheetpath names="/PowerAmplifier/" tstamps="/5CC57758/"/>
      <tstamp>5CC7EC04</tstamp>
    </comp>
    <comp ref="R2">
      <value>10</value>
      <footprint>Resistor_SMD:R_1206_3216Metric_Pad1.42x1.75mm_HandSolder</footprint>
      <datasheet>~</datasheet>
      <libsource lib="Device" part="R" description="Resistor"/>
      <sheetpath names="/PowerAmplifier/" tstamps="/5CC57758/"/>
      <tstamp>5CC7EC0A</tstamp>
    </comp>
    <comp ref="R3">
      <value>10</value>
      <footprint>Resistor_SMD:R_1206_3216Metric_Pad1.42x1.75mm_HandSolder</footprint>
      <datasheet>~</datasheet>
      <libsource lib="Device" part="R" description="Resistor"/>
      <sheetpath names="/PowerAmplifier/" tstamps="/5CC57758/"/>
      <tstamp>5CC7EC16</tstamp>
    </comp>
    <comp ref="Q1">
      <value>FDS8858</value>
      <footprint>Package_SO:SOIC-8_3.9x4.9mm_P1.27mm</footprint>
      <datasheet>https://www.fairchildsemi.com/datasheets/FD/FDS9934C.pdf</datasheet>
      <fields>
        <field name="Bestell">512-FDS8858CZ</field>
      </fields>
      <libsource lib="Transistor_FET" part="FDS9934C" description="6.5A Id, 20V Vds, Dual N and P Channel MOSFET, 30mOhm Ron, 4.5V Vgs, SO8L"/>
      <sheetpath names="/PowerAmplifier/" tstamps="/5CC57758/"/>
      <tstamp>5CC7EC1D</tstamp>
    </comp>
    <comp ref="U1">
      <value>FAN3278TMX</value>
      <footprint>Package_SO:SOIC-8_3.9x4.9mm_P1.27mm</footprint>
      <datasheet>http://www.onsemi.com/pub/Collateral/FAN3268T_F085-D.PDF</datasheet>
      <fields>
        <field name="Bestell">512-FAN3278TMX</field>
      </fields>
      <libsource lib="Driver_FET" part="FAN3268" description="Low-Voltage 18V PMOS-NMOS Bridge Driver, SOIC-8"/>
      <sheetpath names="/PowerAmplifier/" tstamps="/5CC57758/"/>
      <tstamp>5CC7EC48</tstamp>
    </comp>
    <comp ref="R4">
      <value>10k</value>
      <footprint>Resistor_SMD:R_1206_3216Metric_Pad1.42x1.75mm_HandSolder</footprint>
      <datasheet>~</datasheet>
      <libsource lib="Device" part="R" description="Resistor"/>
      <sheetpath names="/PowerAmplifier/" tstamps="/5CC57758/"/>
      <tstamp>5CEA35FD</tstamp>
    </comp>
    <comp ref="R6">
      <value>10k</value>
      <footprint>Resistor_SMD:R_1206_3216Metric_Pad1.42x1.75mm_HandSolder</footprint>
      <datasheet>~</datasheet>
      <libsource lib="Device" part="R" description="Resistor"/>
      <sheetpath names="/PowerAmplifier/" tstamps="/5CC57758/"/>
      <tstamp>5CEB2170</tstamp>
    </comp>
    <comp ref="R1">
      <value>10k</value>
      <footprint>Resistor_SMD:R_1206_3216Metric_Pad1.42x1.75mm_HandSolder</footprint>
      <datasheet>~</datasheet>
      <libsource lib="Device" part="R" description="Resistor"/>
      <sheetpath names="/PowerAmplifier/" tstamps="/5CC57758/"/>
      <tstamp>5CEC5C9B</tstamp>
    </comp>
    <comp ref="C4">
      <value>47u</value>
      <footprint>Capacitor_SMD:CP_Elec_6.3x7.7</footprint>
      <datasheet>~</datasheet>
      <libsource lib="Device" part="CP" description="Polarized capacitor"/>
      <sheetpath names="/PowerAmplifier/" tstamps="/5CC57758/"/>
      <tstamp>5D3730E2</tstamp>
    </comp>
    <comp ref="R15">
      <value>10k</value>
      <footprint>Resistor_SMD:R_1206_3216Metric_Pad1.42x1.75mm_HandSolder</footprint>
      <datasheet>~</datasheet>
      <libsource lib="Device" part="R" description="Resistor"/>
      <sheetpath names="/PowerAmplifier/" tstamps="/5CC57758/"/>
      <tstamp>5CFEC2F1</tstamp>
    </comp>
    <comp ref="C19">
      <value>470n</value>
      <footprint>Capacitor_SMD:C_1210_3225Metric_Pad1.42x2.65mm_HandSolder</footprint>
      <datasheet>~</datasheet>
      <libsource lib="Device" part="C" description="Unpolarized capacitor"/>
      <sheetpath names="/PowerAmplifier/" tstamps="/5CC57758/"/>
      <tstamp>5CCF758E</tstamp>
    </comp>
    <comp ref="R18">
      <value>10k</value>
      <footprint>Resistor_SMD:R_1206_3216Metric_Pad1.42x1.75mm_HandSolder</footprint>
      <datasheet>~</datasheet>
      <libsource lib="Device" part="R" description="Resistor"/>
      <sheetpath names="/PowerAmplifier/" tstamps="/5CC57758/"/>
      <tstamp>5CFA53AF</tstamp>
    </comp>
    <comp ref="R19">
      <value>10k</value>
      <footprint>Resistor_SMD:R_1206_3216Metric_Pad1.42x1.75mm_HandSolder</footprint>
      <datasheet>~</datasheet>
      <libsource lib="Device" part="R" description="Resistor"/>
      <sheetpath names="/PowerAmplifier/" tstamps="/5CC57758/"/>
      <tstamp>5CF52849</tstamp>
    </comp>
    <comp ref="U6">
      <value>FAN3278TMX</value>
      <footprint>Package_SO:SOIC-8_3.9x4.9mm_P1.27mm</footprint>
      <datasheet>http://www.onsemi.com/pub/Collateral/FAN3268T_F085-D.PDF</datasheet>
      <fields>
        <field name="Bestell">512-FAN3278TMX</field>
      </fields>
      <libsource lib="Driver_FET" part="FAN3268" description="Low-Voltage 18V PMOS-NMOS Bridge Driver, SOIC-8"/>
      <sheetpath names="/PowerAmplifier/" tstamps="/5CC57758/"/>
      <tstamp>5CCF75D2</tstamp>
    </comp>
    <comp ref="Q2">
      <value>FDS8858</value>
      <footprint>Package_SO:SOIC-8_3.9x4.9mm_P1.27mm</footprint>
      <datasheet>https://www.fairchildsemi.com/datasheets/FD/FDS9934C.pdf</datasheet>
      <fields>
        <field name="Bestell">512-FDS8858CZ</field>
      </fields>
      <libsource lib="Transistor_FET" part="FDS9934C" description="6.5A Id, 20V Vds, Dual N and P Channel MOSFET, 30mOhm Ron, 4.5V Vgs, SO8L"/>
      <sheetpath names="/PowerAmplifier/" tstamps="/5CC57758/"/>
      <tstamp>5CCF75CB</tstamp>
    </comp>
    <comp ref="R17">
      <value>10</value>
      <footprint>Resistor_SMD:R_1206_3216Metric_Pad1.42x1.75mm_HandSolder</footprint>
      <datasheet>~</datasheet>
      <libsource lib="Device" part="R" description="Resistor"/>
      <sheetpath names="/PowerAmplifier/" tstamps="/5CC57758/"/>
      <tstamp>5CCF75A0</tstamp>
    </comp>
    <comp ref="R16">
      <value>10</value>
      <footprint>Resistor_SMD:R_1206_3216Metric_Pad1.42x1.75mm_HandSolder</footprint>
      <datasheet>~</datasheet>
      <libsource lib="Device" part="R" description="Resistor"/>
      <sheetpath names="/PowerAmplifier/" tstamps="/5CC57758/"/>
      <tstamp>5CCF7594</tstamp>
    </comp>
    <comp ref="R14">
      <value>0.1</value>
      <footprint>Resistor_SMD:R_1206_3216Metric_Pad1.42x1.75mm_HandSolder</footprint>
      <datasheet>~</datasheet>
      <libsource lib="Device" part="R" description="Resistor"/>
      <sheetpath names="/PowerAmplifier/" tstamps="/5CC57758/"/>
      <tstamp>5CC7EC39</tstamp>
    </comp>
    <comp ref="U5">
      <value>INA240A1D</value>
      <footprint>Package_SO:SOIC-8_3.9x4.9mm_P1.27mm</footprint>
      <datasheet>http://www.ti.com/lit/ds/symlink/ina240.pdf</datasheet>
      <libsource lib="Amplifier_Current" part="INA240A1D" description="High- and Low-Side, Bidirectional, Zero-Drift, Current-Sense Amplifier With Enhanced PWM Rejection, 20V/V, SOIC-8"/>
      <sheetpath names="/PowerAmplifier/" tstamps="/5CC57758/"/>
      <tstamp>5D42DA23</tstamp>
    </comp>
    <comp ref="C22">
      <value>470n</value>
      <footprint>Capacitor_SMD:C_1210_3225Metric_Pad1.42x2.65mm_HandSolder</footprint>
      <datasheet>~</datasheet>
      <libsource lib="Device" part="C" description="Unpolarized capacitor"/>
      <sheetpath names="/PowerAmplifier/" tstamps="/5CC57758/"/>
      <tstamp>5DAAE4B8</tstamp>
    </comp>
    <comp ref="R27">
      <value>10</value>
      <footprint>Resistor_SMD:R_1206_3216Metric_Pad1.42x1.75mm_HandSolder</footprint>
      <datasheet>~</datasheet>
      <libsource lib="Device" part="R" description="Resistor"/>
      <sheetpath names="/PowerAmplifier/" tstamps="/5CC57758/"/>
      <tstamp>5DAAE4BE</tstamp>
    </comp>
    <comp ref="R28">
      <value>10</value>
      <footprint>Resistor_SMD:R_1206_3216Metric_Pad1.42x1.75mm_HandSolder</footprint>
      <datasheet>~</datasheet>
      <libsource lib="Device" part="R" description="Resistor"/>
      <sheetpath names="/PowerAmplifier/" tstamps="/5CC57758/"/>
      <tstamp>5DAAE4C7</tstamp>
    </comp>
    <comp ref="Q3">
      <value>FDS8858</value>
      <footprint>Package_SO:SOIC-8_3.9x4.9mm_P1.27mm</footprint>
      <datasheet>https://www.fairchildsemi.com/datasheets/FD/FDS9934C.pdf</datasheet>
      <fields>
        <field name="Bestell">512-FDS8858CZ</field>
      </fields>
      <libsource lib="Transistor_FET" part="FDS9934C" description="6.5A Id, 20V Vds, Dual N and P Channel MOSFET, 30mOhm Ron, 4.5V Vgs, SO8L"/>
      <sheetpath names="/PowerAmplifier/" tstamps="/5CC57758/"/>
      <tstamp>5DAAE4CE</tstamp>
    </comp>
    <comp ref="U8">
      <value>FAN3278TMX</value>
      <footprint>Package_SO:SOIC-8_3.9x4.9mm_P1.27mm</footprint>
      <datasheet>http://www.onsemi.com/pub/Collateral/FAN3268T_F085-D.PDF</datasheet>
      <fields>
        <field name="Bestell">512-FAN3278TMX</field>
      </fields>
      <libsource lib="Driver_FET" part="FAN3268" description="Low-Voltage 18V PMOS-NMOS Bridge Driver, SOIC-8"/>
      <sheetpath names="/PowerAmplifier/" tstamps="/5CC57758/"/>
      <tstamp>5DAAE4DE</tstamp>
    </comp>
    <comp ref="R29">
      <value>10k</value>
      <footprint>Resistor_SMD:R_1206_3216Metric_Pad1.42x1.75mm_HandSolder</footprint>
      <datasheet>~</datasheet>
      <libsource lib="Device" part="R" description="Resistor"/>
      <sheetpath names="/PowerAmplifier/" tstamps="/5CC57758/"/>
      <tstamp>5DAAE4EF</tstamp>
    </comp>
    <comp ref="R30">
      <value>10k</value>
      <footprint>Resistor_SMD:R_1206_3216Metric_Pad1.42x1.75mm_HandSolder</footprint>
      <datasheet>~</datasheet>
      <libsource lib="Device" part="R" description="Resistor"/>
      <sheetpath names="/PowerAmplifier/" tstamps="/5CC57758/"/>
      <tstamp>5DAAE4F5</tstamp>
    </comp>
    <comp ref="R26">
      <value>10k</value>
      <footprint>Resistor_SMD:R_1206_3216Metric_Pad1.42x1.75mm_HandSolder</footprint>
      <datasheet>~</datasheet>
      <libsource lib="Device" part="R" description="Resistor"/>
      <sheetpath names="/PowerAmplifier/" tstamps="/5CC57758/"/>
      <tstamp>5DAAE4FE</tstamp>
    </comp>
    <comp ref="R25">
      <value>0.1</value>
      <footprint>Resistor_SMD:R_1206_3216Metric_Pad1.42x1.75mm_HandSolder</footprint>
      <datasheet>~</datasheet>
      <libsource lib="Device" part="R" description="Resistor"/>
      <sheetpath names="/PowerAmplifier/" tstamps="/5CC57758/"/>
      <tstamp>5DAEA92A</tstamp>
    </comp>
    <comp ref="U7">
      <value>INA240A1D</value>
      <footprint>Package_SO:SOIC-8_3.9x4.9mm_P1.27mm</footprint>
      <datasheet>http://www.ti.com/lit/ds/symlink/ina240.pdf</datasheet>
      <libsource lib="Amplifier_Current" part="INA240A1D" description="High- and Low-Side, Bidirectional, Zero-Drift, Current-Sense Amplifier With Enhanced PWM Rejection, 20V/V, SOIC-8"/>
      <sheetpath names="/PowerAmplifier/" tstamps="/5CC57758/"/>
      <tstamp>5DAEA935</tstamp>
    </comp>
    <comp ref="J1">
      <value>Conn_01x03</value>
      <footprint>Connector_Phoenix_MC:PhoenixContact_MC_1,5_3-G-3.81_1x03_P3.81mm_Horizontal</footprint>
      <datasheet>~</datasheet>
      <libsource lib="Connector_Generic" part="Conn_01x03" description="Generic connector, single row, 01x03, script generated (kicad-library-utils/schlib/autogen/connector/)"/>
      <sheetpath names="/PowerAmplifier/" tstamps="/5CC57758/"/>
      <tstamp>5DAF081D</tstamp>
    </comp>
    <comp ref="C21">
      <value>22u</value>
      <footprint>Capacitor_SMD:C_1206_3216Metric_Pad1.42x1.75mm_HandSolder</footprint>
      <datasheet>~</datasheet>
      <libsource lib="Device" part="C" description="Unpolarized capacitor"/>
      <sheetpath names="/PowerAmplifier/" tstamps="/5CC57758/"/>
      <tstamp>5DB3376F</tstamp>
    </comp>
    <comp ref="C23">
      <value>47u</value>
      <footprint>Capacitor_SMD:CP_Elec_6.3x7.7</footprint>
      <datasheet>~</datasheet>
      <libsource lib="Device" part="CP" description="Polarized capacitor"/>
      <sheetpath names="/PowerAmplifier/" tstamps="/5CC57758/"/>
      <tstamp>5DB69D00</tstamp>
    </comp>
    <comp ref="C24">
      <value>47u</value>
      <footprint>Capacitor_SMD:CP_Elec_6.3x7.7</footprint>
      <datasheet>~</datasheet>
      <libsource lib="Device" part="CP" description="Polarized capacitor"/>
      <sheetpath names="/PowerAmplifier/" tstamps="/5CC57758/"/>
      <tstamp>5DB69D0A</tstamp>
    </comp>
    <comp ref="C28">
      <value>100n</value>
      <footprint>Capacitor_SMD:C_1206_3216Metric_Pad1.42x1.75mm_HandSolder</footprint>
      <datasheet>~</datasheet>
      <libsource lib="Device" part="C" description="Unpolarized capacitor"/>
      <sheetpath names="/PowerAmplifier/" tstamps="/5CC57758/"/>
      <tstamp>5DD13BD4</tstamp>
    </comp>
    <comp ref="U10">
      <value>TMP100</value>
      <footprint>Package_TO_SOT_SMD:SOT-23-6</footprint>
      <datasheet>http://www.ti.com/lit/gpn/tmp100</datasheet>
      <libsource lib="Sensor_Temperature" part="TMP100" description="Temperature Sensor with I2C/SMBus Interface, SOT-23-6"/>
      <sheetpath names="/PowerAmplifier/" tstamps="/5CC57758/"/>
      <tstamp>5DD13BE1</tstamp>
    </comp>
    <comp ref="C29">
      <value>100n</value>
      <footprint>Capacitor_SMD:C_1206_3216Metric_Pad1.42x1.75mm_HandSolder</footprint>
      <datasheet>~</datasheet>
      <libsource lib="Device" part="C" description="Unpolarized capacitor"/>
      <sheetpath names="/PowerAmplifier/" tstamps="/5CC57758/"/>
      <tstamp>5EE5751E</tstamp>
    </comp>
    <comp ref="C30">
      <value>100n</value>
      <footprint>Capacitor_SMD:C_1206_3216Metric_Pad1.42x1.75mm_HandSolder</footprint>
      <datasheet>~</datasheet>
      <libsource lib="Device" part="C" description="Unpolarized capacitor"/>
      <sheetpath names="/PowerAmplifier/" tstamps="/5CC57758/"/>
      <tstamp>5EE58DE9</tstamp>
    </comp>
    <comp ref="C16">
      <value>100n</value>
      <footprint>Capacitor_SMD:C_1206_3216Metric_Pad1.42x1.75mm_HandSolder</footprint>
      <datasheet>~</datasheet>
      <libsource lib="Device" part="C" description="Unpolarized capacitor"/>
      <sheetpath names="/Microkontroller/" tstamps="/5CE4EC8B/"/>
      <tstamp>5CE650B7</tstamp>
    </comp>
    <comp ref="C17">
      <value>100n</value>
      <footprint>Capacitor_SMD:C_1206_3216Metric_Pad1.42x1.75mm_HandSolder</footprint>
      <datasheet>~</datasheet>
      <libsource lib="Device" part="C" description="Unpolarized capacitor"/>
      <sheetpath names="/Microkontroller/" tstamps="/5CE4EC8B/"/>
      <tstamp>5CE650BD</tstamp>
    </comp>
    <comp ref="C15">
      <value>10n</value>
      <footprint>Capacitor_SMD:C_1206_3216Metric_Pad1.42x1.75mm_HandSolder</footprint>
      <datasheet>~</datasheet>
      <libsource lib="Device" part="C" description="Unpolarized capacitor"/>
      <sheetpath names="/Microkontroller/" tstamps="/5CE4EC8B/"/>
      <tstamp>5D09846D</tstamp>
    </comp>
    <comp ref="R12">
      <value>5.1k</value>
      <footprint>Resistor_SMD:R_1206_3216Metric_Pad1.42x1.75mm_HandSolder</footprint>
      <datasheet>~</datasheet>
      <libsource lib="Device" part="R" description="Resistor"/>
      <sheetpath names="/Microkontroller/" tstamps="/5CE4EC8B/"/>
      <tstamp>5D098473</tstamp>
    </comp>
    <comp ref="C5">
      <value>1u</value>
      <footprint>Capacitor_SMD:C_1206_3216Metric_Pad1.42x1.75mm_HandSolder</footprint>
      <datasheet>~</datasheet>
      <libsource lib="Device" part="C" description="Unpolarized capacitor"/>
      <sheetpath names="/Microkontroller/" tstamps="/5CE4EC8B/"/>
      <tstamp>5CE6503B</tstamp>
    </comp>
    <comp ref="R9">
      <value>330</value>
      <footprint>Resistor_SMD:R_1206_3216Metric_Pad1.42x1.75mm_HandSolder</footprint>
      <datasheet>~</datasheet>
      <libsource lib="Device" part="R" description="Resistor"/>
      <sheetpath names="/Microkontroller/" tstamps="/5CE4EC8B/"/>
      <tstamp>5D1C9DE2</tstamp>
    </comp>
    <comp ref="R8">
      <value>330</value>
      <footprint>Resistor_SMD:R_1206_3216Metric_Pad1.42x1.75mm_HandSolder</footprint>
      <datasheet>~</datasheet>
      <libsource lib="Device" part="R" description="Resistor"/>
      <sheetpath names="/Microkontroller/" tstamps="/5CE4EC8B/"/>
      <tstamp>5D1C996E</tstamp>
    </comp>
    <comp ref="D4">
      <value>LED</value>
      <footprint>LED_SMD:LED_1206_3216Metric_Pad1.42x1.75mm_HandSolder</footprint>
      <datasheet>~</datasheet>
      <libsource lib="Device" part="LED" description="Light emitting diode"/>
      <sheetpath names="/Microkontroller/" tstamps="/5CE4EC8B/"/>
      <tstamp>5D1C94BA</tstamp>
    </comp>
    <comp ref="D3">
      <value>LED</value>
      <footprint>LED_SMD:LED_1206_3216Metric_Pad1.42x1.75mm_HandSolder</footprint>
      <datasheet>~</datasheet>
      <libsource lib="Device" part="LED" description="Light emitting diode"/>
      <sheetpath names="/Microkontroller/" tstamps="/5CE4EC8B/"/>
      <tstamp>5D1C805F</tstamp>
    </comp>
    <comp ref="R11">
      <value>10k</value>
      <footprint>Resistor_SMD:R_1206_3216Metric_Pad1.42x1.75mm_HandSolder</footprint>
      <datasheet>~</datasheet>
      <libsource lib="Device" part="R" description="Resistor"/>
      <sheetpath names="/Microkontroller/" tstamps="/5CE4EC8B/"/>
      <tstamp>5D1297FB</tstamp>
    </comp>
    <comp ref="R7">
      <value>2.2k</value>
      <footprint>Resistor_SMD:R_1206_3216Metric_Pad1.42x1.75mm_HandSolder</footprint>
      <datasheet>~</datasheet>
      <libsource lib="Device" part="R" description="Resistor"/>
      <sheetpath names="/Microkontroller/" tstamps="/5CE4EC8B/"/>
      <tstamp>5D0E4394</tstamp>
    </comp>
    <comp ref="R5">
      <value>2.2k</value>
      <footprint>Resistor_SMD:R_1206_3216Metric_Pad1.42x1.75mm_HandSolder</footprint>
      <datasheet>~</datasheet>
      <libsource lib="Device" part="R" description="Resistor"/>
      <sheetpath names="/Microkontroller/" tstamps="/5CE4EC8B/"/>
      <tstamp>5D0DDE26</tstamp>
    </comp>
    <comp ref="C14">
      <value>100n</value>
      <footprint>Capacitor_SMD:C_1206_3216Metric_Pad1.42x1.75mm_HandSolder</footprint>
      <datasheet>~</datasheet>
      <libsource lib="Device" part="C" description="Unpolarized capacitor"/>
      <sheetpath names="/Microkontroller/" tstamps="/5CE4EC8B/"/>
      <tstamp>5CE650B1</tstamp>
    </comp>
    <comp ref="C10">
      <value>1n</value>
      <footprint>Capacitor_SMD:C_1206_3216Metric_Pad1.42x1.75mm_HandSolder</footprint>
      <datasheet>~</datasheet>
      <libsource lib="Device" part="C" description="Unpolarized capacitor"/>
      <sheetpath names="/Microkontroller/" tstamps="/5CE4EC8B/"/>
      <tstamp>5CE650A2</tstamp>
    </comp>
    <comp ref="R10">
      <value>10k</value>
      <footprint>Resistor_SMD:R_1206_3216Metric_Pad1.42x1.75mm_HandSolder</footprint>
      <datasheet>~</datasheet>
      <libsource lib="Device" part="R" description="Resistor"/>
      <sheetpath names="/Microkontroller/" tstamps="/5CE4EC8B/"/>
      <tstamp>5CE65093</tstamp>
    </comp>
    <comp ref="J6">
      <value>USB_B_Mini</value>
      <footprint>Connector_USB:USB_Mini-B_Lumberg_2486_01_Horizontal</footprint>
      <datasheet>~</datasheet>
      <libsource lib="Connector" part="USB_B_Mini" description="USB Mini Type B connector"/>
      <sheetpath names="/Microkontroller/" tstamps="/5CE4EC8B/"/>
      <tstamp>5D552FCB</tstamp>
    </comp>
    <comp ref="R13">
      <value>1.5k</value>
      <footprint>Resistor_SMD:R_1206_3216Metric_Pad1.42x1.75mm_HandSolder</footprint>
      <datasheet>~</datasheet>
      <libsource lib="Device" part="R" description="Resistor"/>
      <sheetpath names="/Microkontroller/" tstamps="/5CE4EC8B/"/>
      <tstamp>5D5A7DDC</tstamp>
    </comp>
    <comp ref="C8">
      <value>1u</value>
      <footprint>Capacitor_SMD:C_1206_3216Metric_Pad1.42x1.75mm_HandSolder</footprint>
      <datasheet>~</datasheet>
      <libsource lib="Device" part="C" description="Unpolarized capacitor"/>
      <sheetpath names="/Microkontroller/" tstamps="/5CE4EC8B/"/>
      <tstamp>5D3B7E07</tstamp>
    </comp>
    <comp ref="U2">
      <value>LP2951-5.0_SOIC</value>
      <footprint>Package_SO:SOIC-8_3.9x4.9mm_P1.27mm</footprint>
      <datasheet>http://www.ti.com/lit/ds/symlink/lp2951-n.pdf</datasheet>
      <libsource lib="Regulator_Linear" part="LP2951-5.0_SOIC" description="Micropower Voltage Regulators with Shutdown, 100mA, Fixed Output 5.0V, LDO, SOIC-8"/>
      <sheetpath names="/Microkontroller/" tstamps="/5CE4EC8B/"/>
      <tstamp>5D3C5992</tstamp>
    </comp>
    <comp ref="D1">
      <value>D_Schottky</value>
      <footprint>Diode_SMD:D_1206_3216Metric_Pad1.42x1.75mm_HandSolder</footprint>
      <datasheet>~</datasheet>
      <libsource lib="Device" part="D_Schottky" description="Schottky diode"/>
      <sheetpath names="/Microkontroller/" tstamps="/5CE4EC8B/"/>
      <tstamp>5D3F4C1A</tstamp>
    </comp>
    <comp ref="D2">
      <value>D_Schottky</value>
      <footprint>Diode_SMD:D_1206_3216Metric_Pad1.42x1.75mm_HandSolder</footprint>
      <datasheet>~</datasheet>
      <libsource lib="Device" part="D_Schottky" description="Schottky diode"/>
      <sheetpath names="/Microkontroller/" tstamps="/5CE4EC8B/"/>
      <tstamp>5D3F4C2E</tstamp>
    </comp>
    <comp ref="U3">
      <value>LP2951-3.3_SOIC</value>
      <footprint>Package_SO:SOIC-8_3.9x4.9mm_P1.27mm</footprint>
      <datasheet>http://www.ti.com/lit/ds/symlink/lp2951-n.pdf</datasheet>
      <libsource lib="Regulator_Linear" part="LP2951-3.3_SOIC" description="Micropower Voltage Regulators with Shutdown, 100mA, Fixed Output 3.3V, LDO, SOIC-8"/>
      <sheetpath names="/Microkontroller/" tstamps="/5CE4EC8B/"/>
      <tstamp>5D45CFD3</tstamp>
    </comp>
    <comp ref="C6">
      <value>1u</value>
      <footprint>Capacitor_SMD:C_1206_3216Metric_Pad1.42x1.75mm_HandSolder</footprint>
      <datasheet>~</datasheet>
      <libsource lib="Device" part="C" description="Unpolarized capacitor"/>
      <sheetpath names="/Microkontroller/" tstamps="/5CE4EC8B/"/>
      <tstamp>5D48E978</tstamp>
    </comp>
    <comp ref="C7">
      <value>1u</value>
      <footprint>Capacitor_SMD:C_1206_3216Metric_Pad1.42x1.75mm_HandSolder</footprint>
      <datasheet>~</datasheet>
      <libsource lib="Device" part="C" description="Unpolarized capacitor"/>
      <sheetpath names="/Microkontroller/" tstamps="/5CE4EC8B/"/>
      <tstamp>5D5269E0</tstamp>
    </comp>
    <comp ref="J7">
      <value>Conn_01x02</value>
      <footprint>Connector_Phoenix_MC:PhoenixContact_MC_1,5_2-G-3.81_1x02_P3.81mm_Horizontal</footprint>
      <datasheet>~</datasheet>
      <libsource lib="Connector_Generic" part="Conn_01x02" description="Generic connector, single row, 01x02, script generated (kicad-library-utils/schlib/autogen/connector/)"/>
      <sheetpath names="/Microkontroller/" tstamps="/5CE4EC8B/"/>
      <tstamp>5D5A82A3</tstamp>
    </comp>
    <comp ref="C9">
      <value>100n</value>
      <footprint>Capacitor_SMD:C_1206_3216Metric_Pad1.42x1.75mm_HandSolder</footprint>
      <datasheet>~</datasheet>
      <libsource lib="Device" part="C" description="Unpolarized capacitor"/>
      <sheetpath names="/Microkontroller/" tstamps="/5CE4EC8B/"/>
      <tstamp>5D6706F7</tstamp>
    </comp>
    <comp ref="R23">
      <value>10k</value>
      <footprint>Resistor_SMD:R_1206_3216Metric_Pad1.42x1.75mm_HandSolder</footprint>
      <datasheet>~</datasheet>
      <libsource lib="Device" part="R" description="Resistor"/>
      <sheetpath names="/Microkontroller/" tstamps="/5CE4EC8B/"/>
      <tstamp>5D4FC2A7</tstamp>
    </comp>
    <comp ref="R24">
      <value>10k</value>
      <footprint>Resistor_SMD:R_1206_3216Metric_Pad1.42x1.75mm_HandSolder</footprint>
      <datasheet>~</datasheet>
      <libsource lib="Device" part="R" description="Resistor"/>
      <sheetpath names="/Microkontroller/" tstamps="/5CE4EC8B/"/>
      <tstamp>5D50E2C7</tstamp>
    </comp>
    <comp ref="R22">
      <value>5.1k</value>
      <footprint>Resistor_SMD:R_1206_3216Metric_Pad1.42x1.75mm_HandSolder</footprint>
      <datasheet>~</datasheet>
      <libsource lib="Device" part="R" description="Resistor"/>
      <sheetpath names="/Microkontroller/" tstamps="/5CE4EC8B/"/>
      <tstamp>5D50E90F</tstamp>
    </comp>
    <comp ref="R21">
      <value>5.1k</value>
      <footprint>Resistor_SMD:R_1206_3216Metric_Pad1.42x1.75mm_HandSolder</footprint>
      <datasheet>~</datasheet>
      <libsource lib="Device" part="R" description="Resistor"/>
      <sheetpath names="/Microkontroller/" tstamps="/5CE4EC8B/"/>
      <tstamp>5D50EE91</tstamp>
    </comp>
    <comp ref="J4">
      <value>Conn_01x04</value>
      <footprint>Connector_Phoenix_MC:PhoenixContact_MC_1,5_4-G-3.81_1x04_P3.81mm_Horizontal</footprint>
      <datasheet>~</datasheet>
      <libsource lib="Connector_Generic" part="Conn_01x04" description="Generic connector, single row, 01x04, script generated (kicad-library-utils/schlib/autogen/connector/)"/>
      <sheetpath names="/Microkontroller/" tstamps="/5CE4EC8B/"/>
      <tstamp>5D07E9A3</tstamp>
    </comp>
    <comp ref="C20">
      <value>100n</value>
      <footprint>Capacitor_SMD:C_1206_3216Metric_Pad1.42x1.75mm_HandSolder</footprint>
      <datasheet>~</datasheet>
      <libsource lib="Device" part="C" description="Unpolarized capacitor"/>
      <sheetpath names="/Microkontroller/" tstamps="/5CE4EC8B/"/>
      <tstamp>5DA5C693</tstamp>
    </comp>
    <comp ref="R20">
      <value>510</value>
      <footprint>Resistor_SMD:R_1206_3216Metric_Pad1.42x1.75mm_HandSolder</footprint>
      <datasheet>~</datasheet>
      <libsource lib="Device" part="R" description="Resistor"/>
      <sheetpath names="/Microkontroller/" tstamps="/5CE4EC8B/"/>
      <tstamp>5DACC27A</tstamp>
    </comp>
    <comp ref="C12">
      <value>12p</value>
      <footprint>Capacitor_SMD:C_1206_3216Metric_Pad1.42x1.75mm_HandSolder</footprint>
      <datasheet>~</datasheet>
      <libsource lib="Device" part="C" description="Unpolarized capacitor"/>
      <sheetpath names="/Microkontroller/" tstamps="/5CE4EC8B/"/>
      <tstamp>5D3C2EB5</tstamp>
    </comp>
    <comp ref="C11">
      <value>12p</value>
      <footprint>Capacitor_SMD:C_1206_3216Metric_Pad1.42x1.75mm_HandSolder</footprint>
      <datasheet>~</datasheet>
      <libsource lib="Device" part="C" description="Unpolarized capacitor"/>
      <sheetpath names="/Microkontroller/" tstamps="/5CE4EC8B/"/>
      <tstamp>5D32713D</tstamp>
    </comp>
    <comp ref="Y1">
      <value>12MHz</value>
      <footprint>Crystal:Crystal_SMD_TXC_7A-2Pin_5x3.2mm</footprint>
      <datasheet>~</datasheet>
      <fields>
        <field name="Hersteller Nr.">AA-12.000MAGE-T</field>
      </fields>
      <libsource lib="Device" part="Crystal" description="Two pin crystal"/>
      <sheetpath names="/Microkontroller/" tstamps="/5CE4EC8B/"/>
      <tstamp>5D2CF541</tstamp>
    </comp>
    <comp ref="C25">
      <value>10n</value>
      <footprint>Capacitor_SMD:C_1206_3216Metric_Pad1.42x1.75mm_HandSolder</footprint>
      <datasheet>~</datasheet>
      <libsource lib="Device" part="C" description="Unpolarized capacitor"/>
      <sheetpath names="/Microkontroller/" tstamps="/5CE4EC8B/"/>
      <tstamp>5DAC5215</tstamp>
    </comp>
    <comp ref="R32">
      <value>5.1k</value>
      <footprint>Resistor_SMD:R_1206_3216Metric_Pad1.42x1.75mm_HandSolder</footprint>
      <datasheet>~</datasheet>
      <libsource lib="Device" part="R" description="Resistor"/>
      <sheetpath names="/Microkontroller/" tstamps="/5CE4EC8B/"/>
      <tstamp>5DAC521B</tstamp>
    </comp>
    <comp ref="C13">
      <value>100n</value>
      <footprint>Capacitor_SMD:C_1206_3216Metric_Pad1.42x1.75mm_HandSolder</footprint>
      <datasheet>~</datasheet>
      <libsource lib="Device" part="C" description="Unpolarized capacitor"/>
      <sheetpath names="/Microkontroller/" tstamps="/5CE4EC8B/"/>
      <tstamp>5DAC522B</tstamp>
    </comp>
    <comp ref="R31">
      <value>510</value>
      <footprint>Resistor_SMD:R_1206_3216Metric_Pad1.42x1.75mm_HandSolder</footprint>
      <datasheet>~</datasheet>
      <libsource lib="Device" part="R" description="Resistor"/>
      <sheetpath names="/Microkontroller/" tstamps="/5CE4EC8B/"/>
      <tstamp>5DAC523B</tstamp>
    </comp>
    <comp ref="J2">
      <value>Conn_01x03</value>
      <footprint>Connector_Phoenix_MC:PhoenixContact_MC_1,5_3-G-3.81_1x03_P3.81mm_Horizontal</footprint>
      <datasheet>~</datasheet>
      <libsource lib="Connector_Generic" part="Conn_01x03" description="Generic connector, single row, 01x03, script generated (kicad-library-utils/schlib/autogen/connector/)"/>
      <sheetpath names="/Microkontroller/" tstamps="/5CE4EC8B/"/>
      <tstamp>5DD531BB</tstamp>
    </comp>
    <comp ref="U4">
      <value>STM32F303CBTx</value>
      <footprint>Package_QFP:LQFP-48_7x7mm_P0.5mm</footprint>
      <datasheet>http://www.st.com/st-web-ui/static/active/en/resource/technical/document/datasheet/DM00058181.pdf</datasheet>
      <libsource lib="MCU_ST_STM32F3" part="STM32F303CBTx" description="ARM Cortex-M4 MCU, 128KB flash, 32KB RAM, 72MHz, 2-3.6V, 37 GPIO, LQFP-48"/>
      <sheetpath names="/Microkontroller/" tstamps="/5CE4EC8B/"/>
      <tstamp>5D21B49E</tstamp>
    </comp>
    <comp ref="J3">
      <value>Conn_01x04</value>
      <footprint>Connector_Phoenix_MC:PhoenixContact_MC_1,5_4-G-3.81_1x04_P3.81mm_Horizontal</footprint>
      <datasheet>~</datasheet>
      <libsource lib="Connector_Generic" part="Conn_01x04" description="Generic connector, single row, 01x04, script generated (kicad-library-utils/schlib/autogen/connector/)"/>
      <sheetpath names="/Microkontroller/" tstamps="/5CE4EC8B/"/>
      <tstamp>5DEF6A1B</tstamp>
    </comp>
    <comp ref="R33">
      <value>10k</value>
      <footprint>Resistor_SMD:R_1206_3216Metric_Pad1.42x1.75mm_HandSolder</footprint>
      <datasheet>~</datasheet>
      <libsource lib="Device" part="R" description="Resistor"/>
      <sheetpath names="/Microkontroller/" tstamps="/5CE4EC8B/"/>
      <tstamp>5DB93C23</tstamp>
    </comp>
    <comp ref="R34">
      <value>10k</value>
      <footprint>Resistor_SMD:R_1206_3216Metric_Pad1.42x1.75mm_HandSolder</footprint>
      <datasheet>~</datasheet>
      <libsource lib="Device" part="R" description="Resistor"/>
      <sheetpath names="/Microkontroller/" tstamps="/5CE4EC8B/"/>
      <tstamp>5DB940EB</tstamp>
    </comp>
    <comp ref="C27">
      <value>1n</value>
      <footprint>Capacitor_SMD:C_1206_3216Metric_Pad1.42x1.75mm_HandSolder</footprint>
      <datasheet>~</datasheet>
      <libsource lib="Device" part="C" description="Unpolarized capacitor"/>
      <sheetpath names="/Microkontroller/" tstamps="/5CE4EC8B/"/>
      <tstamp>5DB94720</tstamp>
    </comp>
    <comp ref="C26">
      <value>1u</value>
      <footprint>Capacitor_SMD:C_1206_3216Metric_Pad1.42x1.75mm_HandSolder</footprint>
      <datasheet>~</datasheet>
      <libsource lib="Device" part="C" description="Unpolarized capacitor"/>
      <sheetpath names="/Microkontroller/" tstamps="/5CE4EC8B/"/>
      <tstamp>5DBB72EB</tstamp>
    </comp>
    <comp ref="R36">
      <value>2.2k</value>
      <footprint>Resistor_SMD:R_1206_3216Metric_Pad1.42x1.75mm_HandSolder</footprint>
      <datasheet>~</datasheet>
      <libsource lib="Device" part="R" description="Resistor"/>
      <sheetpath names="/Microkontroller/" tstamps="/5CE4EC8B/"/>
      <tstamp>5DC3EA06</tstamp>
    </comp>
    <comp ref="R37">
      <value>2.2k</value>
      <footprint>Resistor_SMD:R_1206_3216Metric_Pad1.42x1.75mm_HandSolder</footprint>
      <datasheet>~</datasheet>
      <libsource lib="Device" part="R" description="Resistor"/>
      <sheetpath names="/Microkontroller/" tstamps="/5CE4EC8B/"/>
      <tstamp>5DD03FA1</tstamp>
    </comp>
    <comp ref="J5">
      <value>Conn_ARM_JTAG_SWD_10</value>
      <footprint>Connector_PinSocket_1.27mm:PinSocket_2x05_P1.27mm_Vertical_SMD</footprint>
      <datasheet>http://infocenter.arm.com/help/topic/com.arm.doc.ddi0314h/DDI0314H_coresight_components_trm.pdf</datasheet>
      <libsource lib="Connector" part="Conn_ARM_JTAG_SWD_10" description="Cortex Debug Connector, standard ARM Cortex-M SWD and JTAG interface"/>
      <sheetpath names="/Microkontroller/" tstamps="/5CE4EC8B/"/>
      <tstamp>5D13938F</tstamp>
    </comp>
  </components>
  <libparts>
    <libpart lib="Amplifier_Current" part="INA240A1D">
      <aliases>
        <alias>INA240A2D</alias>
        <alias>INA240A3D</alias>
        <alias>INA240A4D</alias>
      </aliases>
      <description>High- and Low-Side, Bidirectional, Zero-Drift, Current-Sense Amplifier With Enhanced PWM Rejection, 20V/V, SOIC-8</description>
      <docs>http://www.ti.com/lit/ds/symlink/ina240.pdf</docs>
      <footprints>
        <fp>SOIC*3.9x4.9mm*P1.27mm*</fp>
      </footprints>
      <fields>
        <field name="Reference">U</field>
        <field name="Value">INA240A1D</field>
        <field name="Footprint">Package_SO:SOIC-8_3.9x4.9mm_P1.27mm</field>
      </fields>
      <pins>
        <pin num="1" name="-" type="input"/>
        <pin num="2" name="GND" type="power_in"/>
        <pin num="3" name="REF2" type="passive"/>
        <pin num="4" name="GND" type="passive"/>
        <pin num="5" name="~" type="output"/>
        <pin num="6" name="V+" type="power_in"/>
        <pin num="7" name="REF1" type="passive"/>
        <pin num="8" name="+" type="input"/>
      </pins>
    </libpart>
    <libpart lib="Connector" part="Conn_ARM_JTAG_SWD_10">
      <description>Cortex Debug Connector, standard ARM Cortex-M SWD and JTAG interface</description>
      <docs>http://infocenter.arm.com/help/topic/com.arm.doc.ddi0314h/DDI0314H_coresight_components_trm.pdf</docs>
      <footprints>
        <fp>PinHeader?2x05?P1.27mm*</fp>
      </footprints>
      <fields>
        <field name="Reference">J</field>
        <field name="Value">Conn_ARM_JTAG_SWD_10</field>
      </fields>
      <pins>
        <pin num="1" name="VTref" type="power_in"/>
        <pin num="2" name="SWDIO/TMS" type="BiDi"/>
        <pin num="3" name="GND" type="power_in"/>
        <pin num="4" name="SWDCLK/TCK" type="output"/>
        <pin num="5" name="GND" type="passive"/>
        <pin num="6" name="SWO/TDO" type="input"/>
        <pin num="7" name="KEY" type="NotConnected"/>
        <pin num="8" name="NC/TDI" type="output"/>
        <pin num="9" name="GNDDetect" type="passive"/>
        <pin num="10" name="~RESET~" type="openCol"/>
      </pins>
    </libpart>
    <libpart lib="Connector" part="USB_B_Micro">
      <aliases>
        <alias>USB_B_Mini</alias>
      </aliases>
      <description>USB Micro Type B connector</description>
      <docs>~</docs>
      <footprints>
        <fp>USB*</fp>
      </footprints>
      <fields>
        <field name="Reference">J</field>
        <field name="Value">USB_B_Micro</field>
      </fields>
      <pins>
        <pin num="1" name="VBUS" type="power_out"/>
        <pin num="2" name="D-" type="passive"/>
        <pin num="3" name="D+" type="passive"/>
        <pin num="4" name="ID" type="passive"/>
        <pin num="5" name="GND" type="power_out"/>
        <pin num="6" name="Shield" type="passive"/>
      </pins>
    </libpart>
    <libpart lib="Connector_Generic" part="Conn_01x02">
      <description>Generic connector, single row, 01x02, script generated (kicad-library-utils/schlib/autogen/connector/)</description>
      <docs>~</docs>
      <footprints>
        <fp>Connector*:*_1x??_*</fp>
      </footprints>
      <fields>
        <field name="Reference">J</field>
        <field name="Value">Conn_01x02</field>
      </fields>
      <pins>
        <pin num="1" name="Pin_1" type="passive"/>
        <pin num="2" name="Pin_2" type="passive"/>
      </pins>
    </libpart>
    <libpart lib="Connector_Generic" part="Conn_01x03">
      <description>Generic connector, single row, 01x03, script generated (kicad-library-utils/schlib/autogen/connector/)</description>
      <docs>~</docs>
      <footprints>
        <fp>Connector*:*_1x??_*</fp>
      </footprints>
      <fields>
        <field name="Reference">J</field>
        <field name="Value">Conn_01x03</field>
      </fields>
      <pins>
        <pin num="1" name="Pin_1" type="passive"/>
        <pin num="2" name="Pin_2" type="passive"/>
        <pin num="3" name="Pin_3" type="passive"/>
      </pins>
    </libpart>
    <libpart lib="Connector_Generic" part="Conn_01x04">
      <description>Generic connector, single row, 01x04, script generated (kicad-library-utils/schlib/autogen/connector/)</description>
      <docs>~</docs>
      <footprints>
        <fp>Connector*:*_1x??_*</fp>
      </footprints>
      <fields>
        <field name="Reference">J</field>
        <field name="Value">Conn_01x04</field>
      </fields>
      <pins>
        <pin num="1" name="Pin_1" type="passive"/>
        <pin num="2" name="Pin_2" type="passive"/>
        <pin num="3" name="Pin_3" type="passive"/>
        <pin num="4" name="Pin_4" type="passive"/>
      </pins>
    </libpart>
    <libpart lib="Device" part="C">
      <description>Unpolarized capacitor</description>
      <docs>~</docs>
      <footprints>
        <fp>C_*</fp>
      </footprints>
      <fields>
        <field name="Reference">C</field>
        <field name="Value">C</field>
      </fields>
      <pins>
        <pin num="1" name="~" type="passive"/>
        <pin num="2" name="~" type="passive"/>
      </pins>
    </libpart>
    <libpart lib="Device" part="CP">
      <description>Polarized capacitor</description>
      <docs>~</docs>
      <footprints>
        <fp>CP_*</fp>
      </footprints>
      <fields>
        <field name="Reference">C</field>
        <field name="Value">CP</field>
      </fields>
      <pins>
        <pin num="1" name="~" type="passive"/>
        <pin num="2" name="~" type="passive"/>
      </pins>
    </libpart>
    <libpart lib="Device" part="Crystal">
      <description>Two pin crystal</description>
      <docs>~</docs>
      <footprints>
        <fp>Crystal*</fp>
      </footprints>
      <fields>
        <field name="Reference">Y</field>
        <field name="Value">Crystal</field>
      </fields>
      <pins>
        <pin num="1" name="1" type="passive"/>
        <pin num="2" name="2" type="passive"/>
      </pins>
    </libpart>
    <libpart lib="Device" part="D_Schottky">
      <description>Schottky diode</description>
      <docs>~</docs>
      <footprints>
        <fp>TO-???*</fp>
        <fp>*_Diode_*</fp>
        <fp>*SingleDiode*</fp>
        <fp>D_*</fp>
      </footprints>
      <fields>
        <field name="Reference">D</field>
        <field name="Value">D_Schottky</field>
      </fields>
      <pins>
        <pin num="1" name="K" type="passive"/>
        <pin num="2" name="A" type="passive"/>
      </pins>
    </libpart>
    <libpart lib="Device" part="LED">
      <description>Light emitting diode</description>
      <docs>~</docs>
      <footprints>
        <fp>LED*</fp>
        <fp>LED_SMD:*</fp>
        <fp>LED_THT:*</fp>
      </footprints>
      <fields>
        <field name="Reference">D</field>
        <field name="Value">LED</field>
      </fields>
      <pins>
        <pin num="1" name="K" type="passive"/>
        <pin num="2" name="A" type="passive"/>
      </pins>
    </libpart>
    <libpart lib="Device" part="R">
      <description>Resistor</description>
      <docs>~</docs>
      <footprints>
        <fp>R_*</fp>
      </footprints>
      <fields>
        <field name="Reference">R</field>
        <field name="Value">R</field>
      </fields>
      <pins>
        <pin num="1" name="~" type="passive"/>
        <pin num="2" name="~" type="passive"/>
      </pins>
    </libpart>
    <libpart lib="Driver_FET" part="FAN3268">
      <description>Low-Voltage 18V PMOS-NMOS Bridge Driver, SOIC-8</description>
      <docs>http://www.onsemi.com/pub/Collateral/FAN3268T_F085-D.PDF</docs>
      <footprints>
        <fp>*SOIC*3.9x4.9mm*P1.27mm*</fp>
      </footprints>
      <fields>
        <field name="Reference">U</field>
        <field name="Value">FAN3268</field>
        <field name="Footprint">Package_SO:SOIC-8_3.9x4.9mm_P1.27mm</field>
      </fields>
      <pins>
        <pin num="1" name="ENA" type="input"/>
        <pin num="2" name="INA" type="input"/>
        <pin num="3" name="GND" type="power_in"/>
        <pin num="4" name="INB" type="input"/>
        <pin num="5" name="~OUTB~" type="output"/>
        <pin num="6" name="VDD" type="power_in"/>
        <pin num="7" name="OUTA" type="output"/>
        <pin num="8" name="ENB" type="input"/>
      </pins>
    </libpart>
    <libpart lib="MCU_ST_STM32F3" part="STM32F303CBTx">
      <aliases>
        <alias>STM32F303CCTx</alias>
      </aliases>
      <description>ARM Cortex-M4 MCU, 128KB flash, 32KB RAM, 72MHz, 2-3.6V, 37 GPIO, LQFP-48</description>
      <docs>http://www.st.com/st-web-ui/static/active/en/resource/technical/document/datasheet/DM00058181.pdf</docs>
      <footprints>
        <fp>LQFP*7x7mm*P0.5mm*</fp>
      </footprints>
      <fields>
        <field name="Reference">U</field>
        <field name="Value">STM32F303CBTx</field>
        <field name="Footprint">Package_QFP:LQFP-48_7x7mm_P0.5mm</field>
      </fields>
      <pins>
        <pin num="1" name="VBAT" type="power_in"/>
        <pin num="2" name="PC13" type="BiDi"/>
        <pin num="3" name="PC14" type="BiDi"/>
        <pin num="4" name="PC15" type="BiDi"/>
        <pin num="5" name="PF0" type="input"/>
        <pin num="6" name="PF1" type="input"/>
        <pin num="7" name="NRST" type="input"/>
        <pin num="8" name="VSSA" type="power_in"/>
        <pin num="9" name="VDDA" type="power_in"/>
        <pin num="10" name="PA0" type="BiDi"/>
        <pin num="11" name="PA1" type="BiDi"/>
        <pin num="12" name="PA2" type="BiDi"/>
        <pin num="13" name="PA3" type="BiDi"/>
        <pin num="14" name="PA4" type="BiDi"/>
        <pin num="15" name="PA5" type="BiDi"/>
        <pin num="16" name="PA6" type="BiDi"/>
        <pin num="17" name="PA7" type="BiDi"/>
        <pin num="18" name="PB0" type="BiDi"/>
        <pin num="19" name="PB1" type="BiDi"/>
        <pin num="20" name="PB2" type="BiDi"/>
        <pin num="21" name="PB10" type="BiDi"/>
        <pin num="22" name="PB11" type="BiDi"/>
        <pin num="23" name="VSS" type="power_in"/>
        <pin num="24" name="VDD" type="power_in"/>
        <pin num="25" name="PB12" type="BiDi"/>
        <pin num="26" name="PB13" type="BiDi"/>
        <pin num="27" name="PB14" type="BiDi"/>
        <pin num="28" name="PB15" type="BiDi"/>
        <pin num="29" name="PA8" type="BiDi"/>
        <pin num="30" name="PA9" type="BiDi"/>
        <pin num="31" name="PA10" type="BiDi"/>
        <pin num="32" name="PA11" type="BiDi"/>
        <pin num="33" name="PA12" type="BiDi"/>
        <pin num="34" name="PA13" type="BiDi"/>
        <pin num="35" name="VSS" type="power_in"/>
        <pin num="36" name="VDD" type="power_in"/>
        <pin num="37" name="PA14" type="BiDi"/>
        <pin num="38" name="PA15" type="BiDi"/>
        <pin num="39" name="PB3" type="BiDi"/>
        <pin num="40" name="PB4" type="BiDi"/>
        <pin num="41" name="PB5" type="BiDi"/>
        <pin num="42" name="PB6" type="BiDi"/>
        <pin num="43" name="PB7" type="BiDi"/>
        <pin num="44" name="BOOT0" type="input"/>
        <pin num="45" name="PB8" type="BiDi"/>
        <pin num="46" name="PB9" type="BiDi"/>
        <pin num="47" name="VSS" type="power_in"/>
        <pin num="48" name="VDD" type="power_in"/>
      </pins>
    </libpart>
    <libpart lib="Regulator_Linear" part="LP2951-3.0_SOIC">
      <aliases>
        <alias>LP2951-3.3_SOIC</alias>
        <alias>LP2951-5.0_SOIC</alias>
      </aliases>
      <description>Micropower Voltage Regulators with Shutdown, 100mA, Fixed Output 3.0V, LDO, SOIC-8</description>
      <docs>http://www.ti.com/lit/ds/symlink/lp2951-n.pdf</docs>
      <footprints>
        <fp>SOIC*3.9x4.9mm*P1.27mm*</fp>
      </footprints>
      <fields>
        <field name="Reference">U</field>
        <field name="Value">LP2951-3.0_SOIC</field>
        <field name="Footprint">Package_SO:SOIC-8_3.9x4.9mm_P1.27mm</field>
      </fields>
      <pins>
        <pin num="1" name="OUT" type="power_out"/>
        <pin num="2" name="SENSE" type="passive"/>
        <pin num="3" name="SHUTDOWN" type="input"/>
        <pin num="4" name="GND" type="power_in"/>
        <pin num="5" name="~ERROR" type="openCol"/>
        <pin num="6" name="VTAP" type="input"/>
        <pin num="7" name="FEEDBACK" type="input"/>
        <pin num="8" name="IN" type="power_in"/>
      </pins>
    </libpart>
    <libpart lib="Sensor_Temperature" part="TMP100">
      <description>Temperature Sensor with I2C/SMBus Interface, SOT-23-6</description>
      <docs>http://www.ti.com/lit/gpn/tmp100</docs>
      <footprints>
        <fp>SOT?23*</fp>
      </footprints>
      <fields>
        <field name="Reference">U</field>
        <field name="Value">TMP100</field>
        <field name="Footprint">Package_TO_SOT_SMD:SOT-23-6</field>
      </fields>
      <pins>
        <pin num="1" name="SCL" type="input"/>
        <pin num="2" name="GND" type="power_in"/>
        <pin num="3" name="ADD1" type="input"/>
        <pin num="4" name="V+" type="power_in"/>
        <pin num="5" name="ADD0" type="input"/>
        <pin num="6" name="SDA" type="BiDi"/>
      </pins>
    </libpart>
    <libpart lib="Transistor_FET" part="IRF7309IPBF">
      <aliases>
        <alias>FDS4559</alias>
        <alias>FDS4897AC</alias>
        <alias>FDS4897C</alias>
        <alias>FDS8960C</alias>
        <alias>FDS9934C</alias>
        <alias>IRF7343PBF</alias>
        <alias>Si4532DY</alias>
        <alias>Si4542DY</alias>
      </aliases>
      <description>3A Id, 30V Vds, Dual HEXFET MOSFET, SO-8</description>
      <docs>http://www.irf.com/product-info/datasheets/data/irf7309ipbf.pdf</docs>
      <footprints>
        <fp>SOIC*3.9x4.9mm*P1.27mm*</fp>
      </footprints>
      <fields>
        <field name="Reference">Q</field>
        <field name="Value">IRF7309IPBF</field>
        <field name="Footprint">Package_SO:SOIC-8_3.9x4.9mm_P1.27mm</field>
      </fields>
      <pins>
        <pin num="1" name="S" type="passive"/>
        <pin num="2" name="G" type="input"/>
        <pin num="3" name="1" type="passive"/>
        <pin num="4" name="G" type="input"/>
        <pin num="5" name="D" type="passive"/>
        <pin num="6" name="D" type="passive"/>
        <pin num="7" name="D" type="passive"/>
        <pin num="8" name="D" type="passive"/>
      </pins>
    </libpart>
  </libparts>
  <libraries>
    <library logical="Amplifier_Current">
      <uri>C:\Program Files\KiCad\share\kicad\library/Amplifier_Current.lib</uri>
    </library>
    <library logical="Connector">
      <uri>C:\Program Files\KiCad\share\kicad\library/Connector.lib</uri>
    </library>
    <library logical="Connector_Generic">
      <uri>C:\Program Files\KiCad\share\kicad\library/Connector_Generic.lib</uri>
    </library>
    <library logical="Device">
      <uri>C:\Program Files\KiCad\share\kicad\library/Device.lib</uri>
    </library>
    <library logical="Driver_FET">
      <uri>C:\Program Files\KiCad\share\kicad\library/Driver_FET.lib</uri>
    </library>
    <library logical="MCU_ST_STM32F3">
      <uri>C:\Program Files\KiCad\share\kicad\library/MCU_ST_STM32F3.lib</uri>
    </library>
    <library logical="Regulator_Linear">
      <uri>C:\Program Files\KiCad\share\kicad\library/Regulator_Linear.lib</uri>
    </library>
    <library logical="Sensor_Temperature">
      <uri>C:\Program Files\KiCad\share\kicad\library/Sensor_Temperature.lib</uri>
    </library>
    <library logical="Transistor_FET">
      <uri>C:\Program Files\KiCad\share\kicad\library/Transistor_FET.lib</uri>
    </library>
  </libraries>
  <nets>
    <net code="1" name="+3V3">
      <node ref="U10" pin="4"/>
      <node ref="J5" pin="1"/>
      <node ref="U3" pin="2"/>
      <node ref="U3" pin="1"/>
      <node ref="C30" pin="2"/>
      <node ref="C29" pin="2"/>
      <node ref="U4" pin="48"/>
      <node ref="C7" pin="1"/>
      <node ref="U4" pin="9"/>
      <node ref="R37" pin="1"/>
      <node ref="C16" pin="1"/>
      <node ref="C26" pin="1"/>
      <node ref="R5" pin="1"/>
      <node ref="J3" pin="1"/>
      <node ref="R36" pin="1"/>
      <node ref="C9" pin="1"/>
      <node ref="C28" pin="2"/>
      <node ref="U5" pin="3"/>
      <node ref="U5" pin="6"/>
      <node ref="C17" pin="1"/>
      <node ref="R13" pin="1"/>
      <node ref="U7" pin="3"/>
      <node ref="R10" pin="1"/>
      <node ref="U4" pin="1"/>
      <node ref="U4" pin="24"/>
      <node ref="U4" pin="36"/>
      <node ref="R7" pin="1"/>
      <node ref="C14" pin="1"/>
      <node ref="U7" pin="6"/>
    </net>
    <net code="2" name="MOT_CURR_2">
      <node ref="R31" pin="2"/>
      <node ref="U7" pin="5"/>
    </net>
    <net code="3" name="Net-(J1-Pad3)">
      <node ref="U7" pin="1"/>
      <node ref="J1" pin="3"/>
      <node ref="R25" pin="2"/>
    </net>
    <net code="4" name="MOT_OUT1">
      <node ref="Q2" pin="7"/>
      <node ref="U5" pin="1"/>
      <node ref="R14" pin="1"/>
      <node ref="Q2" pin="8"/>
      <node ref="Q2" pin="5"/>
      <node ref="Q2" pin="6"/>
    </net>
    <net code="5" name="MOT_OUT3">
      <node ref="U7" pin="8"/>
      <node ref="R25" pin="1"/>
      <node ref="Q3" pin="7"/>
      <node ref="Q3" pin="6"/>
      <node ref="Q3" pin="5"/>
      <node ref="Q3" pin="8"/>
    </net>
    <net code="6" name="MOT_OUT2">
      <node ref="Q1" pin="8"/>
      <node ref="Q1" pin="5"/>
      <node ref="Q1" pin="6"/>
      <node ref="J1" pin="2"/>
      <node ref="Q1" pin="7"/>
    </net>
    <net code="7" name="HB3_NFET_IN">
      <node ref="U4" pin="19"/>
      <node ref="U8" pin="2"/>
    </net>
    <net code="8" name="Net-(R27-Pad1)">
      <node ref="R27" pin="1"/>
      <node ref="U8" pin="5"/>
    </net>
    <net code="9" name="Net-(Q3-Pad2)">
      <node ref="Q3" pin="2"/>
      <node ref="R30" pin="1"/>
      <node ref="R28" pin="2"/>
    </net>
    <net code="10" name="Net-(Q3-Pad4)">
      <node ref="Q3" pin="4"/>
      <node ref="R29" pin="2"/>
      <node ref="R27" pin="2"/>
    </net>
    <net code="11" name="Net-(R28-Pad1)">
      <node ref="R28" pin="1"/>
      <node ref="U8" pin="7"/>
    </net>
    <net code="12" name="HB3_ENABLE">
      <node ref="U8" pin="1"/>
      <node ref="U4" pin="16"/>
      <node ref="R26" pin="1"/>
      <node ref="U8" pin="8"/>
    </net>
    <net code="13" name="I2C_INT_SCL">
      <node ref="R36" pin="2"/>
      <node ref="U4" pin="43"/>
      <node ref="U10" pin="1"/>
    </net>
    <net code="14" name="I2C_INT_SDA">
      <node ref="R37" pin="2"/>
      <node ref="U10" pin="6"/>
      <node ref="U4" pin="38"/>
    </net>
    <net code="15" name="GND">
      <node ref="J5" pin="5"/>
      <node ref="J5" pin="3"/>
      <node ref="J5" pin="9"/>
      <node ref="J2" pin="3"/>
      <node ref="C13" pin="2"/>
      <node ref="C12" pin="2"/>
      <node ref="C25" pin="2"/>
      <node ref="C11" pin="2"/>
      <node ref="Q2" pin="1"/>
      <node ref="R23" pin="2"/>
      <node ref="J4" pin="4"/>
      <node ref="C20" pin="2"/>
      <node ref="R24" pin="2"/>
      <node ref="C26" pin="2"/>
      <node ref="C6" pin="2"/>
      <node ref="U3" pin="3"/>
      <node ref="U3" pin="4"/>
      <node ref="C14" pin="2"/>
      <node ref="C9" pin="2"/>
      <node ref="U2" pin="4"/>
      <node ref="U2" pin="3"/>
      <node ref="C8" pin="2"/>
      <node ref="C10" pin="2"/>
      <node ref="J6" pin="6"/>
      <node ref="J6" pin="5"/>
      <node ref="C7" pin="2"/>
      <node ref="J7" pin="2"/>
      <node ref="U4" pin="8"/>
      <node ref="C5" pin="2"/>
      <node ref="R34" pin="2"/>
      <node ref="J3" pin="4"/>
      <node ref="D4" pin="1"/>
      <node ref="C27" pin="2"/>
      <node ref="U4" pin="47"/>
      <node ref="U4" pin="35"/>
      <node ref="U4" pin="23"/>
      <node ref="C17" pin="2"/>
      <node ref="C16" pin="2"/>
      <node ref="C15" pin="2"/>
      <node ref="R11" pin="2"/>
      <node ref="D3" pin="1"/>
      <node ref="U10" pin="5"/>
      <node ref="C22" pin="2"/>
      <node ref="U10" pin="3"/>
      <node ref="C1" pin="1"/>
      <node ref="U5" pin="2"/>
      <node ref="R30" pin="2"/>
      <node ref="U10" pin="2"/>
      <node ref="C2" pin="1"/>
      <node ref="C3" pin="2"/>
      <node ref="C18" pin="2"/>
      <node ref="C30" pin="1"/>
      <node ref="C29" pin="1"/>
      <node ref="U5" pin="4"/>
      <node ref="U5" pin="7"/>
      <node ref="C28" pin="1"/>
      <node ref="Q1" pin="1"/>
      <node ref="U1" pin="3"/>
      <node ref="U7" pin="4"/>
      <node ref="U7" pin="7"/>
      <node ref="R15" pin="2"/>
      <node ref="U8" pin="3"/>
      <node ref="R6" pin="2"/>
      <node ref="R19" pin="2"/>
      <node ref="R26" pin="2"/>
      <node ref="C21" pin="1"/>
      <node ref="U7" pin="2"/>
      <node ref="C24" pin="2"/>
      <node ref="R1" pin="2"/>
      <node ref="C23" pin="2"/>
      <node ref="C19" pin="2"/>
      <node ref="U6" pin="3"/>
      <node ref="C4" pin="2"/>
      <node ref="Q3" pin="1"/>
    </net>
    <net code="16" name="Net-(Q1-Pad4)">
      <node ref="R4" pin="2"/>
      <node ref="R2" pin="2"/>
      <node ref="Q1" pin="4"/>
    </net>
    <net code="17" name="Net-(R2-Pad1)">
      <node ref="R2" pin="1"/>
      <node ref="U1" pin="5"/>
    </net>
    <net code="18" name="Net-(R3-Pad1)">
      <node ref="R3" pin="1"/>
      <node ref="U1" pin="7"/>
    </net>
    <net code="19" name="HB2_PFET_IN">
      <node ref="U4" pin="45"/>
      <node ref="U1" pin="4"/>
    </net>
    <net code="20" name="HB2_ENABLE">
      <node ref="U1" pin="1"/>
      <node ref="U1" pin="8"/>
      <node ref="R1" pin="1"/>
      <node ref="U4" pin="15"/>
    </net>
    <net code="21" name="HB2_NFET_IN">
      <node ref="U4" pin="18"/>
      <node ref="U1" pin="2"/>
    </net>
    <net code="22" name="Net-(Q1-Pad2)">
      <node ref="Q1" pin="2"/>
      <node ref="R6" pin="1"/>
      <node ref="R3" pin="2"/>
    </net>
    <net code="23" name="MOT_CURR_1">
      <node ref="U5" pin="5"/>
      <node ref="R20" pin="2"/>
    </net>
    <net code="24" name="Net-(J1-Pad1)">
      <node ref="J1" pin="1"/>
      <node ref="R14" pin="2"/>
      <node ref="U5" pin="8"/>
    </net>
    <net code="25" name="HB3_PFET_IN">
      <node ref="U4" pin="46"/>
      <node ref="U8" pin="4"/>
    </net>
    <net code="26" name="VPP">
      <node ref="C4" pin="1"/>
      <node ref="C5" pin="1"/>
      <node ref="C18" pin="1"/>
      <node ref="R33" pin="1"/>
      <node ref="C1" pin="2"/>
      <node ref="R4" pin="1"/>
      <node ref="U8" pin="6"/>
      <node ref="R29" pin="1"/>
      <node ref="Q3" pin="3"/>
      <node ref="U6" pin="6"/>
      <node ref="U2" pin="8"/>
      <node ref="C19" pin="1"/>
      <node ref="Q2" pin="3"/>
      <node ref="C24" pin="1"/>
      <node ref="C23" pin="1"/>
      <node ref="C21" pin="2"/>
      <node ref="R18" pin="1"/>
      <node ref="U1" pin="6"/>
      <node ref="D2" pin="2"/>
      <node ref="Q1" pin="3"/>
      <node ref="C2" pin="2"/>
      <node ref="C3" pin="1"/>
      <node ref="C22" pin="1"/>
      <node ref="J7" pin="1"/>
    </net>
    <net code="27" name="Net-(R16-Pad1)">
      <node ref="R16" pin="1"/>
      <node ref="U6" pin="5"/>
    </net>
    <net code="28" name="HB1_PFET_IN">
      <node ref="U4" pin="42"/>
      <node ref="U6" pin="4"/>
    </net>
    <net code="29" name="HB1_NFET_IN">
      <node ref="U6" pin="2"/>
      <node ref="U4" pin="17"/>
    </net>
    <net code="30" name="Net-(Q2-Pad2)">
      <node ref="Q2" pin="2"/>
      <node ref="R19" pin="1"/>
      <node ref="R17" pin="2"/>
    </net>
    <net code="31" name="HB1_ENABLE">
      <node ref="U6" pin="8"/>
      <node ref="U4" pin="14"/>
      <node ref="U6" pin="1"/>
      <node ref="R15" pin="1"/>
    </net>
    <net code="32" name="Net-(Q2-Pad4)">
      <node ref="R16" pin="2"/>
      <node ref="Q2" pin="4"/>
      <node ref="R18" pin="2"/>
    </net>
    <net code="33" name="Net-(R17-Pad1)">
      <node ref="U6" pin="7"/>
      <node ref="R17" pin="1"/>
    </net>
    <net code="34" name="Net-(C12-Pad1)">
      <node ref="C12" pin="1"/>
      <node ref="Y1" pin="2"/>
      <node ref="U4" pin="5"/>
    </net>
    <net code="35" name="Net-(C11-Pad1)">
      <node ref="C11" pin="1"/>
      <node ref="U4" pin="6"/>
      <node ref="Y1" pin="1"/>
    </net>
    <net code="36" name="LED1">
      <node ref="U4" pin="2"/>
      <node ref="R8" pin="1"/>
    </net>
    <net code="37" name="LED2">
      <node ref="R9" pin="1"/>
      <node ref="U4" pin="3"/>
    </net>
    <net code="38" name="Net-(C25-Pad1)">
      <node ref="U4" pin="26"/>
      <node ref="R32" pin="1"/>
      <node ref="C25" pin="1"/>
    </net>
    <net code="39" name="Net-(U4-Pad10)">
      <node ref="U4" pin="10"/>
    </net>
    <net code="40" name="Net-(C15-Pad1)">
      <node ref="C15" pin="1"/>
      <node ref="R12" pin="1"/>
      <node ref="U4" pin="11"/>
    </net>
    <net code="41" name="Net-(U4-Pad31)">
      <node ref="U4" pin="31"/>
    </net>
    <net code="42" name="Net-(C13-Pad1)">
      <node ref="R32" pin="2"/>
      <node ref="R31" pin="1"/>
      <node ref="C13" pin="1"/>
    </net>
    <net code="43" name="ENC_A">
      <node ref="R21" pin="2"/>
      <node ref="J4" pin="3"/>
    </net>
    <net code="44" name="ENC_B">
      <node ref="J4" pin="2"/>
      <node ref="R22" pin="2"/>
    </net>
    <net code="45" name="Net-(R21-Pad1)">
      <node ref="R23" pin="1"/>
      <node ref="R21" pin="1"/>
      <node ref="U4" pin="41"/>
    </net>
    <net code="46" name="Net-(R22-Pad1)">
      <node ref="U4" pin="40"/>
      <node ref="R22" pin="1"/>
      <node ref="R24" pin="1"/>
    </net>
    <net code="47" name="+5V">
      <node ref="J4" pin="1"/>
      <node ref="U2" pin="2"/>
      <node ref="U2" pin="1"/>
      <node ref="C8" pin="1"/>
    </net>
    <net code="48" name="Net-(C20-Pad1)">
      <node ref="R12" pin="2"/>
      <node ref="R20" pin="1"/>
      <node ref="C20" pin="1"/>
    </net>
    <net code="49" name="PIN_MON_ADC">
      <node ref="R34" pin="1"/>
      <node ref="R33" pin="2"/>
      <node ref="U4" pin="20"/>
      <node ref="C27" pin="1"/>
    </net>
    <net code="50" name="RST">
      <node ref="J5" pin="10"/>
      <node ref="R10" pin="2"/>
      <node ref="C10" pin="1"/>
      <node ref="U4" pin="7"/>
    </net>
    <net code="51" name="SWO">
      <node ref="J5" pin="6"/>
    </net>
    <net code="52" name="SWDIO">
      <node ref="U4" pin="34"/>
      <node ref="J5" pin="2"/>
    </net>
    <net code="53" name="SWCLK">
      <node ref="J5" pin="4"/>
      <node ref="U4" pin="37"/>
    </net>
    <net code="54" name="Net-(J5-Pad7)">
      <node ref="J5" pin="7"/>
    </net>
    <net code="55" name="Net-(J5-Pad8)">
      <node ref="J5" pin="8"/>
    </net>
    <net code="56" name="EXT_GPIO1">
      <node ref="U4" pin="21"/>
      <node ref="J3" pin="2"/>
    </net>
    <net code="57" name="EXT_GPIO2">
      <node ref="J3" pin="3"/>
      <node ref="U4" pin="22"/>
    </net>
    <net code="58" name="Net-(U4-Pad4)">
      <node ref="U4" pin="4"/>
    </net>
    <net code="59" name="Net-(U4-Pad13)">
      <node ref="U4" pin="13"/>
    </net>
    <net code="60" name="INTERFACE2">
      <node ref="J2" pin="2"/>
      <node ref="R7" pin="2"/>
      <node ref="U4" pin="30"/>
    </net>
    <net code="61" name="Net-(U4-Pad25)">
      <node ref="U4" pin="25"/>
    </net>
    <net code="62" name="Net-(U4-Pad27)">
      <node ref="U4" pin="27"/>
    </net>
    <net code="63" name="Net-(U4-Pad28)">
      <node ref="U4" pin="28"/>
    </net>
    <net code="64" name="Net-(U4-Pad39)">
      <node ref="U4" pin="39"/>
    </net>
    <net code="65" name="Net-(U4-Pad12)">
      <node ref="U4" pin="12"/>
    </net>
    <net code="66" name="Net-(R11-Pad1)">
      <node ref="U4" pin="44"/>
      <node ref="R11" pin="1"/>
    </net>
    <net code="67" name="Net-(D4-Pad2)">
      <node ref="R9" pin="2"/>
      <node ref="D4" pin="2"/>
    </net>
    <net code="68" name="Net-(D3-Pad2)">
      <node ref="D3" pin="2"/>
      <node ref="R8" pin="2"/>
    </net>
    <net code="69" name="Net-(U2-Pad6)">
      <node ref="U2" pin="6"/>
      <node ref="U2" pin="7"/>
    </net>
    <net code="70" name="INTERFACE1">
      <node ref="U4" pin="29"/>
      <node ref="R5" pin="2"/>
      <node ref="J2" pin="1"/>
    </net>
    <net code="71" name="Net-(U3-Pad5)">
      <node ref="U3" pin="5"/>
    </net>
    <net code="72" name="Net-(U3-Pad6)">
      <node ref="U3" pin="7"/>
      <node ref="U3" pin="6"/>
    </net>
    <net code="73" name="Net-(C6-Pad1)">
      <node ref="D1" pin="1"/>
      <node ref="U3" pin="8"/>
      <node ref="D2" pin="1"/>
      <node ref="C6" pin="1"/>
    </net>
    <net code="74" name="VBUS">
      <node ref="J6" pin="1"/>
      <node ref="D1" pin="2"/>
    </net>
    <net code="75" name="Net-(J6-Pad2)">
      <node ref="U4" pin="32"/>
      <node ref="J6" pin="2"/>
    </net>
    <net code="76" name="Net-(J6-Pad4)">
      <node ref="J6" pin="4"/>
    </net>
    <net code="77" name="Net-(J6-Pad3)">
      <node ref="J6" pin="3"/>
      <node ref="R13" pin="2"/>
      <node ref="U4" pin="33"/>
    </net>
    <net code="78" name="Net-(U2-Pad5)">
      <node ref="U2" pin="5"/>
    </net>
  </nets>
</export>
